{
  "version": "squat_v1_binary",
  "generated_utc": "2026-03-12T18:52:13Z",
  "dataset_csv": "squat_dataset/squat_features_augmented.csv",
  "holdout_videos": [
    "co7.mp4",
    "co8.mp4",
    "co9.mp4"
  ],
  "class_names": [
    "good",
    "bad"
  ],
  "feature_names": [
    "left_knee_angle",
    "right_knee_angle",
    "left_hip_angle",
    "right_hip_angle",
    "left_ankle_angle",
    "right_ankle_angle",
    "spine_angle",
    "torso_lean",
    "left_knee_lateral",
    "right_knee_lateral",
    "symmetry_score",
    "hip_depth",
    "knee_avg",
    "hip_avg",
    "ankle_avg",
    "knee_diff",
    "hip_diff",
    "ankle_diff",
    "torso_minus_spine",
    "knee_lateral_avg"
  ],
  "standardization": {
    "mean": [
      67.99098109611013,
      64.26855347770143,
      90.65982501412277,
      90.14221809753545,
      43.54661497589318,
      42.621791627368395,
      87.30449722996032,
      99.6037303392979,
      0.10158940772806163,
      0.08982879893742712,
      13.873270623541384,
      0.583808710699612,
      66.12976728690626,
      90.40102155582822,
      43.08420330163054,
      8.85100075356483,
      7.216462903923678,
      3.365926615642814,
      12.299233109339692,
      0.09570910333274388
    ],
    "std": [
      43.810183653750606,
      41.4569796902213,
      49.035218736098415,
      49.83124948025294,
      18.783533406793513,
      17.403638511007944,
      48.984550054270095,
      12.449410407477316,
      0.047082937070542966,
      0.04786280269401859,
      13.550683260830482,
      0.08043664618944811,
      42.18920166344901,
      49.18422139566195,
      17.917896806705023,
      9.582693705825475,
      6.859463929976011,
      4.09111887789496,
      52.95160129192837,
      0.044224884741697175
    ]
  },
  "weights": [
    1.9362324144459107,
    -0.12935766026385406,
    -0.20454501684789347,
    7.7911211803147085,
    -0.1684406788758484,
    -0.6956078651107194,
    1.3189699794967893,
    -6.021552053578874,
    -1.2320930604128526,
    0.6116365026693527,
    0.2576866012908727,
    -1.4862797594878665,
    0.038353369753765444,
    -0.16766140273559033,
    3.798430789202723,
    0.2759504439716912,
    1.4854221457332852,
    0.9072134826058494,
    0.2870299276718971,
    5.280750326360035,
    0.4650237774494913
  ],
  "bad_threshold": 0.48,
  "unknown_confidence_margin": 0.08,
  "ema_alpha": 0.35,
  "metrics_group_split_threshold_050": {
    "threshold": 0.5,
    "acc": 0.8153428377460964,
    "bacc": 0.7333333333333334,
    "macro_f1": 0.7048198890875819,
    "good_precision": 0.45937659683188553,
    "good_recall": 0.6103190767141887,
    "good_f1": 0.524198250728863,
    "bad_precision": 0.9165818921668362,
    "bad_recall": 0.856347589952478,
    "bad_f1": 0.8854415274463007,
    "tp": 6307,
    "fp": 574,
    "tn": 899,
    "fn": 1058
  },
  "metrics_group_split_threshold_operating": {
    "threshold": 0.48,
    "acc": 0.8232631817153202,
    "bacc": 0.731296673455533,
    "macro_f1": 0.709683866699361,
    "good_precision": 0.4757757212847033,
    "good_recall": 0.593346911065852,
    "good_f1": 0.5280966767371601,
    "bad_precision": 0.9144407941722611,
    "bad_recall": 0.8692464358452139,
    "bad_f1": 0.891271056661562,
    "tp": 6402,
    "fp": 599,
    "tn": 874,
    "fn": 963
  },
  "metrics_group_split_threshold_best_bad_f1": {
    "threshold": 0.26,
    "acc": 0.8413668250735461,
    "bacc": 0.6014935505770537,
    "macro_f1": 0.6233555113327627,
    "good_precision": 0.5553822152886115,
    "good_recall": 0.241683638832315,
    "good_f1": 0.336802270577105,
    "bad_precision": 0.8637306331584726,
    "bad_recall": 0.9613034623217923,
    "bad_f1": 0.9099087520884205,
    "tp": 7080,
    "fp": 1117,
    "tn": 356,
    "fn": 285
  }
}